,qx,qy,w,ph,mq,gq
0,0.0,0.0,0.2222222,0.195,0.1842105263157895,0.8924002105336007
2,0.6666666,1.1547006,0.4444444,0.195,0.1,0.2629848783694938
