,qx,qy,w,ph,mq,gq
0,0.0,0.0,0.0555556,0.19490000000172358,0.2,1.0530192562812606
6,0.6666666,1.1547006,0.1111111,0.17474801119958272,0.1,0.3274730136214589
