{
 "ag": 0.20526315789473684,
 "ak": 0.2578947368421053,
 "am": 0.0,
 "rg": 0.2,
 "rk": 0.2,
 "rm": 0.05
}
