{
 "ag": 0.14210526315789473,
 "ak": 0.1736842105263158,
 "am": 0.0,
 "rg": 0.2,
 "rk": 0.2,
 "rm": 0.05
}


{
 "ag": 0.4842105263157895,
 "ak": 0.6105263157894737,
 "am": 0.0,
 "rg": 0.2,
 "rk": 0.2,
 "rm": 0.05
}
